"Page / Area","Section","Source","Language","Before","Before Word Count","After","After Word Count","Reduction %","Flags","Max Sentence Before","Max Sentence After","Mixed-Language Density After"
"404","section-label","src/pages/NotFound.tsx","Neutral","00","1","00","1","0","No change needed","1","1","0%"
"404","section-label","src/pages/NotFound.tsx","EN","Signal not found","3","Signal not found","3","0","No change needed","3","3","0%"
"Admin (development only)","General","src/pages/AdminNewArticle.tsx","EN","Content","1","Content","1","0","No change needed","1","1","0%"
"Admin (development only)","General","src/pages/AdminNewArticle.tsx","EN","Blog posts - via Notion","4","Blog posts - via Notion","4","0","No change needed","4","4","0%"
"Admin (development only)","General","src/pages/AdminNewArticle.tsx","EN","Write articles in the","4","Write articles in the","4","0","No change needed","4","4","0%"
"Admin (development only)","General","src/pages/AdminNewArticle.tsx","EN","Blog Posts database","3","Blog Posts database","3","0","No change needed","3","3","0%"
"Admin (development only)","General","src/pages/AdminNewArticle.tsx","EN",". Check","1",". Check","1","0","No change needed","1","1","0%"
"Admin (development only)","General","src/pages/AdminNewArticle.tsx","EN","Published","1","Published","1","0","No change needed","1","1","0%"
"Admin (development only)","General","src/pages/AdminNewArticle.tsx","EN",", then sync:","2",", then sync:","2","0","No change needed","2","2","0%"
"Admin (development only)","General","src/pages/AdminNewArticle.tsx","EN","npm run sync:notion","4","npm run sync:notion","4","0","No change needed","4","4","0%"
"Admin (development only)","General","src/pages/AdminNewArticle.tsx","EN","Or sync + build in one step:","6","Or sync + build in one step:","6","0","No change needed","6","6","0%"
"Admin (development only)","General","src/pages/AdminNewArticle.tsx","EN","npm run sync:build","4","npm run sync:build","4","0","No change needed","4","4","0%"
"Admin (development only)","General","src/pages/AdminNewArticle.tsx","EN","New journey milestone","3","New journey milestone","3","0","No change needed","3","3","0%"
"Admin (development only)","General","src/pages/AdminNewArticle.tsx","Mixed AR/EN","npm run milestone:new -- --id new-role --order 5 --title ""عنوان المحطة"" --org ""المؤسسة"" --type role","15","npm run milestone:new -- --id new-role --order 5 --title ""عنوان المحطة"" --org ""المؤسسة"" --type role","15","0","High mixed-language density","15","15","75%"
"Admin (development only)","General","src/pages/AdminNewArticle.tsx","EN","Then edit the generated file in","6","Then edit the generated file in","6","0","No change needed","6","6","0%"
"Admin (development only)","General","src/pages/AdminNewArticle.tsx","EN","src/content/journey/milestones/","1","src/content/journey/milestones/","1","0","No change needed","1","1","0%"
"Admin (development only)","General","src/pages/AdminNewArticle.tsx","EN","This page is only available in development.","7","This page is only available in development.","7","0","No change needed","7","7","0%"
"Article: الأتمتة الذكية تتعطل عند سؤال إداري واحد","Article body","src/content/blog/automation-single-question.ar.md","AR","بعد كشف الإجراء الحقيقي، يظهر سؤال لا تحلّه أي تقنية، وهو: من المسؤول عن النتيجة؟. في كثير من المؤسسات، الإجراء يمر عبر عدة جهات، لكن المسؤولية تبقى موزعة أو غير موجودة.. عندها لا تصبح الأتمتة حلاً، بل وسيلة لتسريع قرار غير محسوم.. في المشاريع التي تنجح، نبدأ بقرار إداري بسيط: جهة واحدة تملك الإجراء من بدايته إلى نهايته، وتُعرّف نقاط الانتقال بمعايير واضحة يمكن الرجوع إليها.. هذا ليس تعقيداً تنظيمياً، بل شرط أساسي لأي نظام يمكن الوثوق به ومحاسبته.. سؤالي لكم: عند تعثر الإجراءات، هل السبب غياب المسؤول الواضح، أم غياب معايير القرار، أم الاثنين معاً؟","99","بعد فهم الإجراء، يبقى سؤال لا تحله التقنية: من يملك النتيجة؟. قد يمر الإجراء عبر جهات عدة بينما تبقى المسؤولية موزعة.. عندها تسرّع الأتمتة قرارًا غير محسوم بدل أن تحل المشكلة.. يبدأ النجاح بمالك واحد للإجراء من البداية إلى النهاية، ومعايير واضحة لكل انتقال.. هذه ليست بيروقراطية؛ إنها شرط لنظام موثوق وقابل للمساءلة.. عندما يتعثر الإجراء، هل يغيب المالك، أم معيار القرار، أم كلاهما؟","66","33.3","Rewritten; Condensed; Long sentence (before); Repeated theme","26","13","0%"
"Article: الأتمتة الذكية تتعطل عند سؤال إداري واحد","excerpt","src/content/blog/automation-single-question.ar.md","AR","بعد كشف الإجراء الحقيقي، يظهر سؤال لا تحله أي تقنية: من المسؤول عن النتيجة؟","14","بعد فهم الإجراء، يبقى سؤال لا تحله التقنية: من يملك النتيجة؟","11","21.4","Rewritten; Condensed","14","11","0%"
"Article: الأتمتة الذكية تتعطل عند سؤال إداري واحد","readTime","src/content/blog/automation-single-question.ar.md","AR","٥ د","2","٥ د","2","0","No change needed","2","2","0%"
"Article: الأتمتة الذكية تتعطل عند سؤال إداري واحد","tag","src/content/blog/automation-single-question.ar.md","AR","قيادة تقنية","2","قيادة المنتج والهندسة","3","-50","Rewritten","2","3","0%"
"Article: الأتمتة الذكية تتعطل عند سؤال إداري واحد","title","src/content/blog/automation-single-question.ar.md","AR","الأتمتة الذكية تتعطل عند سؤال إداري واحد","7","الأتمتة الذكية تتعطل عند سؤال إداري واحد","7","0","No change needed","7","7","0%"
"Article: الأتمتة الذكية في المؤسسات: أين تبدأ فعليًا؟","Article body","src/content/blog/automation-where-to-start.ar.md","Mixed AR/EN","كلما دخلت مشروع أتمتة ذكية، يتكرر سؤال واحد: لم يعد ""أي تقنية نستخدم؟"" بل أصبح: ""ما الذي يحدث فعلاً؟"". على الورق، الإجراء واضح. لكن على الأرض، كل خطوة لها ظل: استثناء صغير، اتصال سريع، توقيع يُستعجل، ومسار غير مكتوب يعرفه الجميع ولا يذكره أحد.. هنا يظهر الدرس الذي لا يتبدّل مهما تغيّرت التقنيات: لا يمكن أتمتة ما لا نفهمه.. لهذا تبدأ أي مبادرة ناجحة من الأساس: كشف الإجراء الحقيقي كما يجري، ثم تحويله إلى مسار واضح قابل للقياس والتحكم قبل إدخال الأتمتة والذكاء الاصطناعي.. سؤال أخير: ما الذي يعرقل مشاريع الأتمتة أكثر في تجربتكم: غموض الإجراء، أم كثرة الاستثناءات، أم مقاومة التغيير؟","105","في كل مشروع أتمتة ذكية، يسبق اختيار التقنية سؤال أهم: ما الذي يحدث فعليًا؟. قد يبدو الإجراء واضحًا على الورق، بينما تخفي الممارسة استثناءات وموافقات ومسارات غير مكتوبة.. القاعدة بسيطة: لا يمكن أتمتة ما لا نفهمه.. تبدأ المبادرة الناجحة بكشف الإجراء الحقيقي، ثم تحويله إلى مسار واضح وقابل للقياس قبل إدخال الأتمتة أو AI.. ما العائق الأكبر في تجربتكم: غموض الإجراء، كثرة الاستثناءات، أم مقاومة التغيير؟","68","35.2","Rewritten; Condensed; Repeated theme","25","18","1.5%"
"Article: الأتمتة الذكية في المؤسسات: أين تبدأ فعليًا؟","excerpt","src/content/blog/automation-where-to-start.ar.md","AR","قبل اختيار التقنية، افهم الإجراء الحقيقي كما يجري على الأرض لأنك لا تستطيع أتمتة ما لا تفهمه.","17","قبل اختيار التقنية، افهم الإجراء كما يجري فعليًا؛ لا يمكنك أتمتة ما لا تفهمه.","15","11.8","Rewritten","17","9","0%"
"Article: الأتمتة الذكية في المؤسسات: أين تبدأ فعليًا؟","readTime","src/content/blog/automation-where-to-start.ar.md","AR","٧ د","2","٧ د","2","0","No change needed","2","2","0%"
"Article: الأتمتة الذكية في المؤسسات: أين تبدأ فعليًا؟","tag","src/content/blog/automation-where-to-start.ar.md","AR","أتمتة","1","أتمتة","1","0","No change needed","1","1","0%"
"Article: الأتمتة الذكية في المؤسسات: أين تبدأ فعليًا؟","title","src/content/blog/automation-where-to-start.ar.md","AR","الأتمتة الذكية في المؤسسات: أين تبدأ فعليًا؟","8","الأتمتة الذكية في المؤسسات: أين تبدأ فعليًا؟","8","0","No change needed","8","8","0%"
"Article: هل نصمّم الشركات حول الهرم… أم حول الذكاء؟","Article body","src/content/blog/2026-06-11-organizational-intelligence-leadership.ar.md","Mixed AR/EN","استمعت مؤخرًا إلى محاضرة عن فكرة مثيرة اسمها **Organizational Singularity**.. الفكرة الأساسية ليست فقط أن الشركات ستستخدم الذكاء الاصطناعي أكثر. هذا أصبح واضحًا تقريبًا للجميع.. ما لفتني أكثر هو سؤال أعمق:. **هل ما زلنا نصمّم الشركات بالطريقة الصحيحة؟**. لعقود طويلة، بُنيت الشركات حول الهرمية:. إدارة عليا، إدارة وسطى، فرق تنفيذية، اجتماعات، تقارير، موافقات، ثم تنفيذ.. هذا النموذج كان منطقيًا في زمن كانت فيه المعرفة موزعة، والتنفيذ مكلفًا، والتنسيق صعبًا.. لكن مع ظهور أدوات الذكاء الاصطناعي وخصوصًا agentic AI، بدأ شيء جوهري يتغير.. في بعض الحالات، أصبح تنفيذ فكرة أولية أسرع وأرخص من الاجتماع حولها.. وأصبح السؤال ليس: “من يجب أن يوافق؟”. بل: “كيف يمكن أن يتدفق الذكاء داخل المنظمة بأقل احتكاك وبأعلى جودة؟”. هذا لا يعني أن دور الإنسان ينتهي.. بالعكس، أعتقد أن دوره يصبح أعلى قيمة.. بدل أن يكون الإنسان مشغولًا بجمع البيانات، تلخيص التقارير، ومتابعة المهام المتكررة، يمكن أن ينتقل إلى مستوى آخر:. الحكم على الجودة، فهم السياق، اتخاذ القرارات الحساسة، مراقبة المخاطر، وحماية الاتجاه العام.. أي أن الإنسان لا يخرج من المعادلة.. لكنه لا يبقى محصورًا في العمل الذي يمكن للنظام أن يتعلمه ويكرره ويحسّنه.. واحدة من الأفكار المهمة في المحاضرة كانت أن إدخال AI داخل عمليات قديمة لا يكفي.. لا يمكننا أن نأخذ workflow بطيئًا، مليئًا بالموافقات والتعقيد، ثم نضيف فوقه أداة AI ونتوقع تحولًا حقيقيًا.. التحول الحقيقي يبدأ عندما نسأل:. لو صممنا هذا العمل من الصفر اليوم، مع وجود AI كطبقة أساسية، هل كنا سنبنيه بنفس الطريقة؟. ربما لا.. ربما لا نحتاج كل هذه الخطوات.. ربما لا نحتاج كل هذه الاجتماعات.. وربما يمكن لبعض العمليات أن تتحول إلى حلقات تعلم مستمرة: تستشعر، تفسر، تقترح، تنفذ، تتعلم، ثم تتحسن في الدورة التالية.. لكن هنا تأتي نقطة مهمة جدًا: السرعة وحدها ليست كافية.. كلما أصبحت الأنظمة أكثر قدرة، أصبحت الحوكمة أكثر أهمية.. أي Agent داخل الشركة يجب أن يكون له حدود واضحة: ماذا يستطيع أن يفعل؟ إلى أي بيانات يصل؟ متى يتوقف؟ متى يحتاج مراجعة بشرية؟ وكيف يمكن تتبع قراراته أو الرجوع عنها؟. في هذا السياق، الحوكمة ليست عائقًا أمام الابتكار.. هي الشرط الذي يجعل الابتكار قابلًا للتوسع بثقة.. وهذه ربما أهم نقطة بالنسبة لي كقائد Product & Technology:. الموضوع لم يعد فقط كيف نبني features أسرع.. بل كيف نبني قدرات مؤسسية ذكية، آمنة، قابلة للقياس، ويمكن الوثوق بها.. الشركات القادمة لن تكون الأقوى لأنها تملك أكبر عدد من الموظفين أو أكبر عدد من الأدوات.. ستكون الأقوى لأنها تتعلم أسرع، تختبر أسرع، تصحح أسرع، وتعرف أين يجب أن يبقى القرار إنسانيًا.. ربما السؤال القادم لكل شركة لن يكون فقط:. “ما هي استراتيجية الذكاء الاصطناعي لدينا؟”. بل سيكون:. **هل منظمتنا نفسها مصممة لتتعلم؟**","434","استمعت مؤخرًا إلى محاضرة عن **Organizational Singularity**. لم تكن الفكرة أن الشركات ستستخدم AI أكثر، بل أن AI قد يغيّر طريقة تصميم المنظمة نفسها.. السؤال الأهم:. **هل ما زلنا نصمّم الشركات بالطريقة الصحيحة؟**. بُنيت الشركات طويلًا حول هرم من الإدارات والاجتماعات والتقارير والموافقات. كان ذلك منطقيًا حين كانت المعرفة موزعة والتنسيق مكلفًا.. مع Agentic AI، قد يصبح اختبار فكرة أسرع من الاجتماع حولها. ويتحول السؤال من «من يوافق؟» إلى «كيف يتدفق الذكاء داخل المنظمة بأقل احتكاك وأعلى جودة؟».. هذا لا يلغي الإنسان؛ بل يرفع قيمة دوره. يمكن للأنظمة جمع البيانات وتلخيص التقارير ومتابعة العمل المتكرر، بينما يركز الإنسان على الحكم والسياق والقرارات الحساسة والمخاطر.. لكن إضافة AI إلى عملية قديمة لا تصنع تحولًا. لا يكفي وضع أداة جديدة فوق مسار بطيء ومثقل بالموافقات.. السؤال الصحيح هو:. **لو صممنا هذا العمل اليوم، واعتبرنا AI طبقة أساسية، فهل سنبنيه بالطريقة نفسها؟**. ربما تختفي خطوات واجتماعات، وتتحول بعض العمليات إلى حلقات تعلم: تستشعر، تفسر، تقترح، تنفذ، ثم تتحسن.. السرعة وحدها لا تكفي. كلما زادت قدرة الأنظمة، زادت أهمية الحوكمة. يحتاج كل AI Agent إلى صلاحيات وحدود واضحة. ما البيانات التي يصل إليها؟ ماذا ينفذ؟ متى يتوقف؟ ومتى يطلب مراجعة بشرية؟. الحوكمة هنا ليست عائقًا؛ إنها ما يجعل التوسع ممكنًا بثقة.. بالنسبة لي، هذه هي مهمة قيادة المنتج والتقنية اليوم: بناء قدرات مؤسسية ذكية وآمنة وقابلة للقياس، لا مجرد خصائص أسرع.. لن تتميز الشركات القادمة بعدد الأدوات، بل بسرعة التعلم والاختبار والتصحيح، وبوضوح المواضع التي يجب أن يبقى فيها القرار إنسانيًا.. لذلك لا يكفي أن تسأل الشركة عن استراتيجية AI. السؤال الأعمق:. **هل منظمتنا نفسها مصممة لتتعلم؟**","264","39.2","Rewritten; Condensed; Terminology; Repeated theme","21","21","4.2%"
"Article: هل نصمّم الشركات حول الهرم… أم حول الذكاء؟","excerpt","src/content/blog/2026-06-11-organizational-intelligence-leadership.ar.md","Mixed AR/EN","مع ظهور agentic AI، لم يعد السؤال كيف نضيف أداة جديدة، بل كيف نعيد تصميم المنظمة لتتعلم أسرع مع حوكمة واضحة وقرار إنساني واعٍ.","24","مع Agentic AI، يصبح السؤال كيف نصمم منظمة تتعلم أسرع مع حوكمة واضحة وقرار إنساني.","15","37.5","Rewritten; Condensed; Repeated theme","24","15","13.3%"
"Article: هل نصمّم الشركات حول الهرم… أم حول الذكاء؟","readTime","src/content/blog/2026-06-11-organizational-intelligence-leadership.ar.md","AR","٥ د","2","٥ د","2","0","No change needed","2","2","0%"
"Article: هل نصمّم الشركات حول الهرم… أم حول الذكاء؟","tag","src/content/blog/2026-06-11-organizational-intelligence-leadership.ar.md","AR","قيادة المنتج والتقنية","3","قيادة المنتج والتقنية","3","0","No change needed","3","3","0%"
"Article: هل نصمّم الشركات حول الهرم… أم حول الذكاء؟","title","src/content/blog/2026-06-11-organizational-intelligence-leadership.ar.md","AR","هل نصمّم الشركات حول الهرم… أم حول الذكاء؟","9","هل نصمّم الشركات حول الهرم… أم حول الذكاء؟","9","0","No change needed","9","9","0%"
"Blog post template","article-next","src/pages/BlogPost.tsx","AR","هل تفتح هذه الفكرة سؤالًا في عملك؟","8","هل تفتح الفكرة سؤالًا في عملك؟","7","12.5","Rewritten","8","7","0%"
"Blog post template","article-next","src/pages/BlogPost.tsx","Mixed AR/EN","يمكنك متابعة النقاش والكتابات الجديدة عبر LinkedIn.","7","تابع النقاش والكتابات الجديدة على LinkedIn.","6","14.3","Rewritten","7","6","16.7%"
"Blog post template","section-label","src/pages/BlogPost.tsx","Neutral","03","1","03","1","0","No change needed","1","1","0%"
"Blog post template","section-label","src/pages/BlogPost.tsx","EN","Continue the conversation","3","Continue the conversation","3","0","No change needed","3","3","0%"
"Blog","blogTopics[0].labels.ar","src/features/blog/topics.ts","AR","قيادة المنتج والهندسة","3","قيادة المنتج والهندسة","3","0","No change needed","3","3","0%"
"Blog","blogTopics[0].labels.en","src/features/blog/topics.ts","EN","Product and engineering leadership","4","Product and engineering leadership","4","0","No change needed","4","4","0%"
"Blog","blogTopics[1].labels.ar","src/features/blog/topics.ts","Mixed AR/EN","اللغة العربية والذكاء الاصطناعي","4","اللغة العربية وAI","3","25","Rewritten; Condensed; High mixed-language density","4","3","33.3%"
"Blog","blogTopics[1].labels.en","src/features/blog/topics.ts","EN","Arabic language and AI","4","Arabic language and AI","4","0","No change needed","4","4","0%"
"Blog","blogTopics[2].labels.ar","src/features/blog/topics.ts","AR","الأتمتة والمحاكاة","2","الأتمتة والمحاكاة","2","0","No change needed","2","2","0%"
"Blog","blogTopics[2].labels.en","src/features/blog/topics.ts","EN","Automation and simulation","3","Automation and simulation","3","0","No change needed","3","3","0%"
"Blog","blogTopics[3].labels.ar","src/features/blog/topics.ts","AR","أفكار عامة","2","أفكار عامة","2","0","No change needed","2","2","0%"
"Blog","blogTopics[3].labels.en","src/features/blog/topics.ts","EN","General","1","General","1","0","No change needed","1","1","0%"
"Blog","blog-empty","src/pages/Blog.tsx","AR","لا توجد مقالات منشورة ضمن هذا المحور حاليًا.","9","لا توجد مقالات منشورة ضمن هذا المحور حاليًا.","9","0","No change needed","9","9","0%"
"Blog","blog-index-title","src/pages/Blog.tsx","AR","أفكار عملية، مرتبة بهدوء.","4","أفكار عملية من واقع العمل.","5","-25","Rewritten","4","5","0%"
"Blog","paper-section","src/pages/Blog.tsx","AR","تصنيف المقالات","2","تصنيف المقالات","2","0","No change needed","2","2","0%"
"Blog","section-heading","src/pages/Blog.tsx","AR","اختر محورًا أو ابدأ من أحدث كتابة.","8","اختر موضوعًا أو ابدأ بالأحدث.","6","25","Rewritten; Condensed","8","6","0%"
"Blog","section-label","src/pages/Blog.tsx","Neutral","01","1","01","1","0","No change needed","1","1","0%"
"Blog","section-label","src/pages/Blog.tsx","Neutral","02","1","02","1","0","No change needed","1","1","0%"
"Blog","section-label","src/pages/Blog.tsx","EN","Writing archive","2","Writing archive","2","0","No change needed","2","2","0%"
"Global / Accessibility","General","src/components/Layout.tsx","AR","الانتقال إلى المحتوى","3","الانتقال إلى المحتوى","3","0","No change needed","3","3","0%"
"Global / Footer","site-footer__inner","src/components/SiteFooter.tsx","EN","Head of Product &amp; Technology","5","Head of Product &amp; Technology","5","0","Verify factual context","5","5","0%"
"Global / Footer","site-footer__inner","src/components/SiteFooter.tsx","AR","روابط التذييل","2","روابط التذييل","2","0","No change needed","2","2","0%"
"Global / Footer","site-footer__inner","src/components/SiteFooter.tsx","EN","LinkedIn","1","LinkedIn","1","0","No change needed","1","1","0%"
"Global / Header","mobile-navigation","src/components/SiteHeader.tsx","AR","التنقل الرئيسي","2","التنقل الرئيسي","2","0","No change needed","2","2","0%"
"Global / Header","mobile-navigation","src/components/SiteHeader.tsx","EN","LinkedIn","1","LinkedIn","1","0","No change needed","1","1","0%"
"Global / Header","site-header__inner","src/components/SiteHeader.tsx","EN","Product · Technology · AI","3","Product &amp; Technology · AI","4","-33.3","Rewritten","3","4","0%"
"Global / Header","site-header__inner","src/components/SiteHeader.tsx","AR","القائمة","1","القائمة","1","0","No change needed","1","1","0%"
"Global / Header","site-header__linkedin","src/components/SiteHeader.tsx","EN","LinkedIn","1","LinkedIn","1","0","No change needed","1","1","0%"
"Global / Header","site-navigation","src/components/SiteHeader.tsx","AR","التنقل الرئيسي","2","التنقل الرئيسي","2","0","No change needed","2","2","0%"
"Global / Navigation","siteConfig.navigation[0].label","src/config/site.ts","AR","الرئيسية","1","الرئيسية","1","0","No change needed","1","1","0%"
"Global / Navigation","siteConfig.navigation[1].label","src/config/site.ts","AR","أفكاري","1","أفكاري","1","0","No change needed","1","1","0%"
"Global / Navigation","siteConfig.navigation[2].label","src/config/site.ts","AR","رحلتي","1","رحلتي","1","0","No change needed","1","1","0%"
"Global / Navigation","siteConfig.profile.name","src/config/site.ts","AR","راشد صبرة","2","راشد صبرة","2","0","No change needed","2","2","0%"
"Global / SEO","Meta author","index.html","EN","Rashed Sabra","2","Rashed Sabra","2","0","No change needed","2","2","0%"
"Global / SEO","Meta description","index.html","Mixed AR/EN","الموقع الشخصي لراشد صبرة — مهندس ذكاء اصطناعي، قائد تقني، ومستشار في التحول الرقمي.","13","راشد صبرة يقود المنتج والتقنية ويبني أنظمة AI واضحة، قابلة للفحص، ويقودها الإنسان.","13","0","Rewritten","13","13","7.7%"
"Global / SEO","og:description","index.html","Mixed AR/EN","الموقع الشخصي لراشد صبرة — مهندس ذكاء اصطناعي، قائد تقني، ومستشار في التحول الرقمي.","13","راشد صبرة يقود المنتج والتقنية ويبني أنظمة AI واضحة، قابلة للفحص، ويقودها الإنسان.","13","0","Rewritten","13","13","7.7%"
"Global / SEO","og:title","index.html","Mixed AR/EN","راشد صبرة — مهندس ذكاء اصطناعي وقائد تقني","7","راشد صبرة — Head of Product & Technology","6","14.3","Rewritten; High mixed-language density; Verify factual context","7","6","66.7%"
"Global / SEO","Page title","index.html","Mixed AR/EN","راشد صبرة — مهندس ذكاء اصطناعي وقائد تقني","7","راشد صبرة — Head of Product & Technology","6","14.3","Rewritten; High mixed-language density; Verify factual context","7","6","66.7%"
"Home / Hero","General","src/components/HumanNetworkHero.tsx","AR","راشد صبرة","2","راشد صبرة","2","0","No change needed","2","2","0%"
"Home","beliefs-title","src/pages/Index.tsx","EN","What I","2","What I","2","0","No change needed","2","2","0%"
"Home","beliefs-title","src/pages/Index.tsx","EN","Believe","1","Believe","1","0","No change needed","1","1","0%"
"Home","beliefs[0]","src/pages/Index.tsx","EN","I believe technology should expand human judgment, not quietly replace it.","11","Technology should strengthen human judgment, not replace it.","8","27.3","Rewritten; Condensed","11","8","0%"
"Home","beliefs[1]","src/pages/Index.tsx","EN","I believe strong product and technology leadership turns complexity into shared clarity: clear decisions, clear ownership, and systems teams can trust.","21","Product and technology leadership turns complexity into clear decisions, ownership, and systems teams trust.","14","33.3","Rewritten; Condensed","21","14","0%"
"Home","beliefs[2]","src/pages/Index.tsx","EN","I believe AI earns its place through evidence. It should be understandable, testable, and accountable to the people affected by it.","21","AI earns trust through evidence: it must be understandable, testable, and accountable.","12","42.9","Rewritten; Condensed","13","12","0%"
"Home","future-title","src/pages/Index.tsx","EN","The best way","3","The best way","3","0","No change needed","3","3","0%"
"Home","future-title","src/pages/Index.tsx","EN","to predict the future","4","to predict the future","4","0","No change needed","4","4","0%"
"Home","future-title","src/pages/Index.tsx","EN","is to create it.","4","is to create it.","4","0","No change needed","4","4","0%"
"Home","homepage-beliefs__heading","src/pages/Index.tsx","EN","The operating principles behind how I lead, build, and evaluate intelligent systems.","12","How I lead, build, and evaluate intelligent systems.","8","33.3","Rewritten; Condensed","12","8","0%"
"Home","homepage-button","src/pages/Index.tsx","AR","استكشف أفكاري","2","استكشف أفكاري","2","0","No change needed","2","2","0%"
"Home","homepage-button","src/pages/Index.tsx","AR","تعرّف إلى رحلتي","4","تعرّف إلى رحلتي","4","0","No change needed","4","4","0%"
"Home","homepage-button","src/pages/Index.tsx","AR","تعرّف إلى رحلتي","4","تعرّف إلى رحلتي","4","0","No change needed","4","4","0%"
"Home","homepage-future__inner","src/pages/Index.tsx","EN","A principle for what comes next","6","A principle for what comes next","6","0","No change needed","6","6","0%"
"Home","homepage-hero__lede","src/pages/Index.tsx","Mixed AR/EN","أجمع بين قيادة المنتج والهندسة وخبرة عملية في الذكاء الاصطناعي لأحوّل الأفكار المعقدة إلى أنظمة واضحة، قابلة للفحص، ويمكن للفرق أن تثق بها.","24","أجمع قيادة المنتج والهندسة بخبرة عملية في AI لأحوّل التعقيد إلى أنظمة واضحة، قابلة للفحص، وموثوقة.","17","29.2","Rewritten; Condensed; Repeated theme","24","17","5.9%"
"Home","homepage-index","src/pages/Index.tsx","EN","01 · Principles","2","01 · Principles","2","0","No change needed","2","2","0%"
"Home","homepage-index","src/pages/Index.tsx","EN","03 · Professional proof","3","03 · Professional proof","3","0","No change needed","3","3","0%"
"Home","homepage-index","src/pages/Index.tsx","AR","04 · الخبرة وراء الأفكار","4","04 · الخبرة وراء الأفكار","4","0","No change needed","4","4","0%"
"Home","homepage-journey__inner","src/pages/Index.tsx","AR","تعرّف إلى المحطات والمبادئ التي شكّلت طريقتي في بناء الفرق والأنظمة واتخاذ القرار.","15","المحطات والمبادئ التي شكّلت طريقتي في بناء الفرق والأنظمة واتخاذ القرار.","12","20","Rewritten; Condensed","15","12","0%"
"Home","homepage-role","src/pages/Index.tsx","EN","Head of Product &amp; Technology","5","Head of Product &amp; Technology","5","0","Verify factual context","5","5","0%"
"Home","homepage-title","src/pages/Index.tsx","AR","أقود المنتج والتقنية لبناء أنظمة ذكية تبقى تحت قيادة الإنسان.","10","أقود المنتج والتقنية لبناء أنظمة ذكية يقودها الإنسان.","8","20","Rewritten; Condensed","10","8","0%"
"Home","journey-title","src/pages/Index.tsx","Mixed AR/EN","من AI/NLP وهندسة البرمجيات إلى قيادة المنتج والتقنية.","8","من AI وNLP وهندسة البرمجيات إلى قيادة المنتج والتقنية.","9","-12.5","Rewritten","8","9","22.2%"
"Home","proof-title","src/pages/Index.tsx","AR","الخبرة التي تقف خلف الأفكار.","5","الخبرة التي تقف خلف الأفكار.","5","0","No change needed","5","5","0%"
"Home","proof[0].body","src/pages/Index.tsx","AR","قيادة المنتج والهندسة والجودة والتسليم ضمن نظام عمل واحد.","9","أوحّد المنتج والهندسة والجودة والتسليم في نظام عمل واضح.","10","-11.1","Rewritten","9","10","0%"
"Home","proof[0].title","src/pages/Index.tsx","EN","Head of Product & Technology","4","Head of Product & Technology","4","0","Verify factual context","4","4","0%"
"Home","proof[1].body","src/pages/Index.tsx","Mixed AR/EN","خلفية أكاديمية وعملية في الذكاء الاصطناعي وNLP، مع تركيز على الأنظمة القابلة للفحص.","13","خبرة أكاديمية وعملية في AI وNLP، تركّز على أنظمة قابلة للفحص.","12","7.7","Rewritten; Repeated theme","13","12","16.7%"
"Home","proof[1].title","src/pages/Index.tsx","EN","AI Engineer","2","AI Engineer","2","0","Verify factual context","2","2","0%"
"Home","proof[2].body","src/pages/Index.tsx","Mixed AR/EN","أساس في البيانات، معالجة اللغة، وتقييم التقنية بعيدًا عن الضجيج.","11","أساس في البيانات وNLP وتقييم التقنية بعيدًا عن الضجيج.","10","9.1","Rewritten","11","10","10%"
"Home","proof[2].title","src/pages/Index.tsx","EN","MSc in Big Data Systems","5","MSc in Big Data Systems","5","0","Verify factual context","5","5","0%"
"Home","selected-thoughts","src/pages/Index.tsx","AR","02 · أفكار مختارة","3","02 · أفكار مختارة","3","0","No change needed","3","3","0%"
"Home","selected-thoughts","src/pages/Index.tsx","AR","عرض كل الكتابات","3","عرض كل الكتابات","3","0","No change needed","3","3","0%"
"Home","selected-thoughts","src/pages/Index.tsx","AR","قراءة","1","للقراءة","1","0","Rewritten","1","1","0%"
"Home","thoughts-title","src/pages/Index.tsx","AR","أكتب عن الأنظمة التي تعمل في الواقع، لا في العرض فقط.","11","أكتب عن أنظمة تعمل في الواقع، لا في العروض.","9","18.2","Rewritten","11","9","0%"
"Journey / Timeline","fallbackOutcomes.ai-direction[0]","src/components/Timeline.tsx","EN","Product & Technology","2","Product & Technology","2","0","No change needed","2","2","0%"
"Journey / Timeline","fallbackOutcomes.ai-direction[1]","src/components/Timeline.tsx","Mixed AR/EN","AI Governance","2","حوكمة AI","2","0","Rewritten; High mixed-language density","2","2","50%"
"Journey / Timeline","fallbackOutcomes.ai-direction[2]","src/components/Timeline.tsx","AR","Technical Strategy","2","استراتيجية تقنية","2","0","Rewritten","2","2","0%"
"Journey / Timeline","fallbackOutcomes.l-one[0]","src/components/Timeline.tsx","AR","Software Engineering","2","هندسة البرمجيات","2","0","Rewritten; Terminology","2","2","0%"
"Journey / Timeline","fallbackOutcomes.l-one[1]","src/components/Timeline.tsx","AR","Robotics Simulation","2","محاكاة الروبوتات","2","0","Rewritten","2","2","0%"
"Journey / Timeline","fallbackOutcomes.l-one[2]","src/components/Timeline.tsx","EN","CAD workflows","2","CAD","1","50","Rewritten; Condensed","2","1","0%"
"Journey / Timeline","fallbackOutcomes.masters[0]","src/components/Timeline.tsx","EN","AI/NLP","1","AI","1","0","Rewritten","1","1","0%"
"Journey / Timeline","fallbackOutcomes.masters[1]","src/components/Timeline.tsx","EN","قاعدة أكاديمية","2","NLP","1","50","Rewritten; Condensed","2","1","0%"
"Journey / Timeline","fallbackOutcomes.masters[2]","src/components/Timeline.tsx","AR","أنظمة بيانات","2","أنظمة بيانات","2","0","No change needed","2","2","0%"
"Journey / Timeline","fallbackOutcomes.wianco-lead[0]","src/components/Timeline.tsx","AR","قيادة هندسية","2","قيادة هندسية","2","0","No change needed","2","2","0%"
"Journey / Timeline","fallbackOutcomes.wianco-lead[1]","src/components/Timeline.tsx","AR","Delivery Reliability","2","موثوقية التسليم","2","0","Rewritten","2","2","0%"
"Journey / Timeline","fallbackOutcomes.wianco-lead[2]","src/components/Timeline.tsx","AR","ملكية واضحة","2","ملكية واضحة","2","0","No change needed","2","2","0%"
"Journey / Timeline","journey-milestone-detail","src/components/Timeline.tsx","AR","الأثر ·","1","الأثر ·","1","0","No change needed","1","1","0%"
"Journey / Timeline","journey-timeline__index","src/components/Timeline.tsx","AR","محطات المسار المهني","3","محطات المسار المهني","3","0","No change needed","3","3","0%"
"Journey / Timeline","typeLabels.ai","src/components/Timeline.tsx","EN","AI","1","AI","1","0","No change needed","1","1","0%"
"Journey / Timeline","typeLabels.education","src/components/Timeline.tsx","AR","تعليم","1","تعليم","1","0","No change needed","1","1","0%"
"Journey / Timeline","typeLabels.leadership","src/components/Timeline.tsx","AR","قيادة","1","قيادة","1","0","No change needed","1","1","0%"
"Journey / Timeline","typeLabels.product","src/components/Timeline.tsx","AR","منتج","1","منتج","1","0","No change needed","1","1","0%"
"Journey / Timeline","typeLabels.role","src/components/Timeline.tsx","AR","دور تقني","2","دور تقني","2","0","No change needed","2","2","0%"
"Journey","Actions","src/content/journey/milestones/01-masters.md","Mixed AR/EN","دراسة الذكاء الاصطناعي ومعالجة اللغة الطبيعية ضمن مسار أكاديمي متخصص. العمل على أفكار مرتبطة بفهم النصوص العربية واستخراج المعرفة منها. بناء قاعدة نظرية تساعد على تقييم حلول AI الحديثة بواقعية","30","دراسة AI وNLP ضمن مسار أكاديمي متخصص. استكشاف فهم النصوص العربية واستخراج المعرفة. بناء أساس نظري لتقييم حلول AI بواقعية","20","33.3","Rewritten; Condensed; Verify factual context","10","7","15%"
"Journey","context","src/content/journey/milestones/01-masters.md","Mixed AR/EN","بدأت الرحلة من قاعدة أكاديمية في الذكاء الاصطناعي، معالجة اللغة الطبيعية، وأنظمة البيانات، مع تركيز خاص على اللغة العربية وبناء النماذج.","21","بدأت بخلفية أكاديمية في AI وNLP وأنظمة البيانات، مع تركيز على اللغة العربية وبناء النماذج.","15","28.6","Rewritten; Condensed; Verify factual context","21","15","13.3%"
"Journey","impact","src/content/journey/milestones/01-masters.md","AR","هذا الأساس جعل قراراتي التقنية لاحقًا أقل اعتمادًا على الموضة وأكثر ارتباطًا بفهم النظام والبيانات والمستخدم.","19","منحتني هذه الخلفية أساسًا لتقييم التقنية وفق النظام والبيانات والمستخدم، لا وفق رواجها.","14","26.3","Rewritten; Condensed; Verify factual context","19","14","0%"
"Journey","lesson","src/content/journey/milestones/01-masters.md","AR","القيادة التقنية القوية تحتاج معرفة عميقة بما يمكن للتقنية فعله وما لا يجب أن نحمّلها إياه.","17","تحتاج القيادة التقنية فهمًا عميقًا لقدرات التقنية وحدودها.","10","41.2","Rewritten; Condensed; Verify factual context","17","10","0%"
"Journey","location","src/content/journey/milestones/01-masters.md","AR","سوريا","1","سوريا","1","0","Verify factual context","1","1","0%"
"Journey","organization","src/content/journey/milestones/01-masters.md","EN","Damascus University / HIAST","3","Damascus University / HIAST","3","0","Verify factual context","3","3","0%"
"Journey","period","src/content/journey/milestones/01-masters.md","Neutral","2013 - 2021","2","2013 - 2021","2","0","Verify factual context","2","2","0%"
"Journey","title","src/content/journey/milestones/01-masters.md","Mixed AR/EN","أساس أكاديمي في AI/NLP وهندسة البرمجيات","6","أساس أكاديمي في AI وNLP وهندسة البرمجيات","7","-16.7","Rewritten; Verify factual context","6","7","28.6%"
"Journey","Actions","src/content/journey/milestones/02-l-one.md","AR","تطوير منصات تقنية يستخدمها مهندسون ومستخدمون متخصصون. العمل على محاكاة ومسارات روبوتية وربط بيانات هندسية ثلاثية الأبعاد. بناء حس عملي للعلاقة بين المعمارية، تجربة المستخدم، وقابلية التشغيل","27","تطوير منصات لمستخدمين متخصصين. العمل على محاكاة الروبوتات وربط بيانات هندسية ثلاثية الأبعاد. ربط المعمارية بتجربة المستخدم وقابلية التشغيل","19","29.6","Rewritten; Condensed; Verify factual context","10","9","0%"
"Journey","context","src/content/journey/milestones/02-l-one.md","Mixed AR/EN","انتقلت من المعرفة الأكاديمية إلى بناء منصات برمجية حقيقية في بيئات تجمع بين الويب، CAD، الروبوتات، والمحاكاة.","17","انتقلت إلى بناء منصات تجمع الويب وCAD والروبوتات والمحاكاة.","9","47.1","Rewritten; Condensed; Verify factual context","17","9","11.1%"
"Journey","impact","src/content/journey/milestones/02-l-one.md","AR","تعلمت أن جودة البرمجيات لا تأتي من الكود وحده، بل من فهم المشكلة، وضوح المتطلبات، وربط الحل بتشغيل واقعي.","19","تعلّمت أن جودة البرمجيات تبدأ بفهم المشكلة ووضوح المتطلبات وربط الحل بالتشغيل.","13","31.6","Rewritten; Condensed; Repeated theme; Verify factual context","19","13","0%"
"Journey","lesson","src/content/journey/milestones/02-l-one.md","AR","المنتج الجيد يبدأ عندما يفهم الفريق مشكلة المستخدم قبل أن يبدأ في بناء الحل.","14","يبدأ المنتج الجيد بفهم مشكلة المستخدم قبل بناء الحل.","9","35.7","Rewritten; Condensed; Verify factual context","14","9","0%"
"Journey","location","src/content/journey/milestones/02-l-one.md","AR","ألمانيا","1","ألمانيا","1","0","Verify factual context","1","1","0%"
"Journey","organization","src/content/journey/milestones/02-l-one.md","EN","L-One Systems GmbH","3","L-One Systems GmbH","3","0","Verify factual context","3","3","0%"
"Journey","period","src/content/journey/milestones/02-l-one.md","Neutral","2020 - 2022","2","2020 - 2022","2","0","Verify factual context","2","2","0%"
"Journey","title","src/content/journey/milestones/02-l-one.md","AR","من Software Engineering إلى أنظمة واقعية","6","من هندسة البرمجيات إلى أنظمة واقعية","6","0","Rewritten; Terminology; Verify factual context","6","6","0%"
"Journey","Actions","src/content/journey/milestones/03-wianco-lead.md","AR","تنظيم العمل بين المنتج والهندسة والجودة بطريقة تقلل الغموض وإعادة العمل. تطوير إيقاع تنفيذ يعتمد على التزامات واضحة ومراجعة قابلة للمتابعة. دعم الفريق في اتخاذ قرارات تقنية وعملية مرتبطة بجودة الإصدار وقابلية الصيانة","33","تنظيم العمل بين المنتج والهندسة والجودة لتقليل الغموض وإعادة العمل. بناء إيقاع تنفيذ قائم على التزامات واضحة ومراجعة منتظمة. دعم قرارات مرتبطة بجودة الإصدار وقابلية الصيانة","26","21.2","Rewritten; Condensed; Repeated theme; Verify factual context","12","10","0%"
"Journey","context","src/content/journey/milestones/03-wianco-lead.md","AR","توسع الدور من بناء الأنظمة إلى قيادة فرق ومسارات عمل تجمع بين التطوير، المنتج، الجودة، والتشغيل.","16","توسع دوري من بناء الأنظمة إلى قيادة فرق وعمل يجمع الهندسة والمنتج والجودة والتشغيل.","14","12.5","Rewritten; Verify factual context","16","14","0%"
"Journey","impact","src/content/journey/milestones/03-wianco-lead.md","AR","أصبح التركيز على بناء نظام عمل يجعل التسليم أكثر وضوحًا: أولويات مفهومة، ملكية محددة، ومتابعة لا تعتمد على الذاكرة أو المبادرات الفردية فقط.","24","ركزت على أولويات مفهومة وملكية محددة ومتابعة لا تعتمد على المبادرات الفردية.","12","50","Rewritten; Condensed; Repeated theme; Verify factual context","24","12","0%"
"Journey","lesson","src/content/journey/milestones/03-wianco-lead.md","AR","القيادة ليست السيطرة على كل تفصيل؛ القيادة هي بناء نظام يستطيع الفريق أن يثق به ويملكه.","16","القيادة هي بناء نظام يثق به الفريق ويستطيع امتلاكه.","9","43.8","Rewritten; Condensed; Verify factual context","10","9","0%"
"Journey","location","src/content/journey/milestones/03-wianco-lead.md","AR","ألمانيا","1","ألمانيا","1","0","Verify factual context","1","1","0%"
"Journey","organization","src/content/journey/milestones/03-wianco-lead.md","EN","WIANCO OTT Robotics GmbH","4","WIANCO OTT Robotics GmbH","4","0","Verify factual context","4","4","0%"
"Journey","period","src/content/journey/milestones/03-wianco-lead.md","AR","2022 - الآن","2","2022 - الآن","2","0","Verify factual context","2","2","0%"
"Journey","title","src/content/journey/milestones/03-wianco-lead.md","AR","قيادة فرق Software Development وتسليم المنتج","6","قيادة فرق هندسة البرمجيات وتسليم المنتج","6","0","Rewritten; Terminology; Verify factual context","6","6","0%"
"Journey","Actions","src/content/journey/milestones/04-ai-direction.md","Mixed AR/EN","ربط اتجاه المنتج بقرارات هندسية قابلة للتنفيذ والمتابعة. التعامل مع AI كقدرة تحتاج جودة، حوكمة، وحدود استخدام واضحة. بناء لغة مشتركة بين الإدارة، المنتج، والهندسة حول المخاطر والفرص التقنية","29","ربط اتجاه المنتج بقرارات هندسية قابلة للتنفيذ. التعامل مع AI كقدرة تحتاج جودة وحوكمة وحدود استخدام. توحيد لغة الإدارة والمنتج والهندسة حول المخاطر والفرص","24","17.2","Rewritten; Repeated theme; Verify factual context","11","9","4.2%"
"Journey","context","src/content/journey/milestones/04-ai-direction.md","Mixed AR/EN","في المرحلة الحالية، أصبح التركيز على قيادة المنتج والتقنية مع فهم عملي لكيفية إدخال AI في أنظمة يمكن الوثوق بها وتشغيلها بوضوح.","22","أركز حاليًا على قيادة المنتج والتقنية وإدخال AI في أنظمة موثوقة وقابلة للتشغيل.","14","36.4","Rewritten; Condensed; Repeated theme; Verify factual context","22","14","7.1%"
"Journey","impact","src/content/journey/milestones/04-ai-direction.md","Mixed AR/EN","الجمع بين قيادة الفرق وعمق AI/NLP يساعد على اتخاذ قرارات تقنية مسؤولة: أين يفيد الذكاء الاصطناعي، كيف نحدده، وكيف نجعله قابلًا للفحص.","23","يجمع هذا العمل قيادة الفرق بخبرة AI وNLP لتحديد الاستخدام المناسب وحدوده وطريقة فحصه.","14","39.1","Rewritten; Condensed; Verify factual context","23","14","14.3%"
"Journey","lesson","src/content/journey/milestones/04-ai-direction.md","Mixed AR/EN","القيمة الحقيقية للذكاء الاصطناعي تظهر عندما يصبح جزءًا من نظام عمل واضح، لا مجرد تجربة منفصلة.","17","تظهر قيمة AI عندما يصبح جزءًا من نظام عمل واضح، لا تجربة منفصلة.","14","17.6","Rewritten; Repeated theme; Verify factual context","17","14","7.1%"
"Journey","location","src/content/journey/milestones/04-ai-direction.md","AR","ألمانيا","1","ألمانيا","1","0","Verify factual context","1","1","0%"
"Journey","organization","src/content/journey/milestones/04-ai-direction.md","EN","WIANCO OTT Robotics GmbH","4","WIANCO OTT Robotics GmbH","4","0","Verify factual context","4","4","0%"
"Journey","period","src/content/journey/milestones/04-ai-direction.md","AR","2024 - الآن","2","2024 - الآن","2","0","Verify factual context","2","2","0%"
"Journey","title","src/content/journey/milestones/04-ai-direction.md","Mixed AR/EN","Product & Technology Leadership بوعي AI حديث","6","قيادة المنتج والتقنية بوعي حديث بـ AI","7","-16.7","Rewritten; Verify factual context","6","7","14.3%"
"Journey","description","src/content/journey/themes/01-engineering-leadership.md","AR","بناء وضوح مشترك بين المنتج، Software Engineering، الجودة، والإصدار حتى تتحول الأولويات إلى تسليم موثوق.","15","توحيد المنتج وهندسة البرمجيات والجودة والإصدار لتحويل الأولويات إلى تسليم موثوق.","11","26.7","Rewritten; Condensed; Terminology; Repeated theme","15","11","0%"
"Journey","title","src/content/journey/themes/01-engineering-leadership.md","AR","قيادة المنتج والهندسة","3","قيادة المنتج والهندسة","3","0","No change needed","3","3","0%"
"Journey","description","src/content/journey/themes/02-arabic-nlp.md","AR","تحويل الغموض إلى مسؤوليات واضحة، التزامات قابلة للفحص، وحلقات متابعة تساعد الفريق على التحسن دون ضجيج.","16","تحويل الغموض إلى مسؤوليات والتزامات قابلة للفحص والمتابعة.","8","50","Rewritten; Condensed; Repeated theme","16","8","0%"
"Journey","title","src/content/journey/themes/02-arabic-nlp.md","AR","أنظمة عمل قابلة للمتابعة","4","أنظمة عمل قابلة للمتابعة","4","0","No change needed","4","4","0%"
"Journey","description","src/content/journey/themes/03-robotics-simulation.md","Mixed AR/EN","خلفية أكاديمية وعملية في الذكاء الاصطناعي، معالجة اللغة الطبيعية، وهندسة الأنظمة تجعل القيادة التقنية أكثر واقعية ودقة.","17","خبرة أكاديمية وعملية في AI وNLP وهندسة الأنظمة تدعم قرارات تقنية واقعية.","12","29.4","Rewritten; Condensed","17","12","16.7%"
"Journey","title","src/content/journey/themes/03-robotics-simulation.md","Mixed AR/EN","عمق تقني في AI/NLP والبرمجيات","5","عمق تقني في AI وNLP والبرمجيات","6","-20","Rewritten; High mixed-language density","5","6","33.3%"
"Journey","section-label","src/pages/Journey.tsx","Neutral","01","1","01","1","0","No change needed","1","1","0%"
"Journey","section-label","src/pages/Journey.tsx","Neutral","02","1","02","1","0","No change needed","1","1","0%"
"Journey","section-label","src/pages/Journey.tsx","EN","Working themes","2","Working themes","2","0","No change needed","2","2","0%"
"Journey","section-label","src/pages/Journey.tsx","Neutral","03","1","03","1","0","No change needed","1","1","0%"
"Journey","section-label","src/pages/Journey.tsx","EN","Operating principles","2","Operating principles","2","0","No change needed","2","2","0%"
"Journey","section-label","src/pages/Journey.tsx","Neutral","04","1","04","1","0","No change needed","1","1","0%"
"Journey","section-label","src/pages/Journey.tsx","EN","Professional proof","2","Professional proof","2","0","No change needed","2","2","0%"
"Journey","section-label","src/pages/Journey.tsx","Neutral","05","1","05","1","0","No change needed","1","1","0%"
"Journey","section-label","src/pages/Journey.tsx","EN","Selected path","2","Selected path","2","0","No change needed","2","2","0%"
"Journey","section-label","src/pages/Journey.tsx","Neutral","06","1","06","1","0","No change needed","1","1","0%"
"Journey","section-label","src/pages/Journey.tsx","EN","Ideas in practice","3","Ideas in practice","3","0","No change needed","3","3","0%"
"Shared UI","copyAr.blog.eyebrow","src/features/copy/ar.ts","AR","كتابات داعمة للرحلة","3","أفكار من واقع العمل","4","-33.3","Rewritten","3","4","0%"
"Shared UI","copyAr.blog.subtitle","src/features/copy/ar.ts","Mixed AR/EN","مقالات حول قيادة الفرق التقنية، تنفيذ المنتج، هندسة البرمجيات، والذكاء الاصطناعي. مساحة لتوسيع أفكار عملية بعيدًا عن الضجيج.","19","مقالات عملية عن قيادة المنتج والهندسة، AI، والأتمتة.","8","57.9","Rewritten; Condensed","11","8","12.5%"
"Shared UI","copyAr.blog.title","src/features/copy/ar.ts","AR","المدونة","1","المدونة","1","0","No change needed","1","1","0%"
"Shared UI","copyAr.common.backToBlog","src/features/copy/ar.ts","AR","→ العودة إلى المدونة","3","→ العودة إلى المدونة","3","0","No change needed","3","3","0%"
"Shared UI","copyAr.common.linkedInCta","src/features/copy/ar.ts","EN","LinkedIn ↗","1","LinkedIn ↗","1","0","No change needed","1","1","0%"
"Shared UI","copyAr.common.readLabel","src/features/copy/ar.ts","AR","قراءة","1","للقراءة","1","0","Rewritten","1","1","0%"
"Shared UI","copyAr.common.readPostCta","src/features/copy/ar.ts","AR","اقرأ المقال ←","2","اقرأ المقال ←","2","0","No change needed","2","2","0%"
"Shared UI","copyAr.home.blogCta","src/features/copy/ar.ts","AR","تصفح المدونة","2","تصفح المدونة","2","0","No change needed","2","2","0%"
"Shared UI","copyAr.home.showAllCta","src/features/copy/ar.ts","AR","عرض الكل ←","2","عرض الكل ←","2","0","No change needed","2","2","0%"
"Shared UI","copyAr.journey.eyebrow","src/features/copy/ar.ts","Mixed AR/EN","رحلة مهنية في المنتج والهندسة والذكاء الاصطناعي","7","من الهندسة وAI إلى قيادة المنتج والتقنية","7","0","Rewritten","7","7","14.3%"
"Shared UI","copyAr.journey.principles[0].body","src/features/copy/ar.ts","AR","أبدأ بتحديد القرار، النطاق، ومعنى كلمة تم قبل الدخول في التنفيذ.","11","أحدد القرار والنطاق ومعيار الإنجاز قبل التنفيذ.","7","36.4","Rewritten; Condensed","11","7","0%"
"Shared UI","copyAr.journey.principles[0].title","src/features/copy/ar.ts","AR","الوضوح أولًا","3","الوضوح أولًا","3","0","No change needed","3","3","0%"
"Shared UI","copyAr.journey.principles[1].body","src/features/copy/ar.ts","AR","أحوّل الالتزامات إلى نقاط متابعة قابلة للفحص، لا إلى نوايا عامة.","12","أحوّل الالتزامات إلى نتائج قابلة للفحص.","7","41.7","Rewritten; Condensed; Repeated theme","12","7","0%"
"Shared UI","copyAr.journey.principles[1].title","src/features/copy/ar.ts","AR","القياس بدل الانطباع","3","القياس بدل الانطباع","3","0","No change needed","3","3","0%"
"Shared UI","copyAr.journey.principles[2].body","src/features/copy/ar.ts","AR","إذا لم تتحول المراجعات إلى سلوك جديد، أضيف آلية متابعة خفيفة تجعل الالتزام مرئيًا.","15","أربط كل مراجعة بإجراء ومالك وموعد متابعة.","7","53.3","Rewritten; Condensed","15","7","0%"
"Shared UI","copyAr.journey.principles[2].title","src/features/copy/ar.ts","AR","إغلاق الحلقات","2","إغلاق الحلقات","2","0","No change needed","2","2","0%"
"Shared UI","copyAr.journey.principles[3].body","src/features/copy/ar.ts","AR","أوضح الملكية والحدود بين المنتج والهندسة والجودة حتى لا تتحول الفجوات إلى إعادة عمل.","14","أوضح الملكية بين المنتج والهندسة والجودة لتقليل إعادة العمل.","9","35.7","Rewritten; Condensed; Repeated theme","14","9","0%"
"Shared UI","copyAr.journey.principles[3].title","src/features/copy/ar.ts","AR","حماية الفريق من الغموض","4","حماية الفريق من الغموض","4","0","No change needed","4","4","0%"
"Shared UI","copyAr.journey.principles[4].body","src/features/copy/ar.ts","AR","أتدخل تكتيكيًا عند الحاجة، لكن الهدف دائمًا أن تصبح العملية قابلة للملكية من الفريق.","16","أبني عمليات يستطيع الفريق امتلاكها دون اعتماد دائم عليّ.","9","43.8","Rewritten; Condensed; Repeated theme","16","9","0%"
"Shared UI","copyAr.journey.principles[4].title","src/features/copy/ar.ts","AR","التصميم للتفويض","2","التصميم للتفويض","2","0","No change needed","2","2","0%"
"Shared UI","copyAr.journey.principlesTitle","src/features/copy/ar.ts","AR","كيف أعمل","2","كيف أعمل","2","0","No change needed","2","2","0%"
"Shared UI","copyAr.journey.proofStories[0].body","src/features/copy/ar.ts","AR","أصمم حلقات متابعة أبسط: التزام واضح، طريقة فحص، وموعد رجوع.","10","ربط كل التزام بمالك ومعيار فحص وموعد مراجعة.","8","20","Rewritten; Condensed; Repeated theme","10","8","0%"
"Shared UI","copyAr.journey.proofStories[0].title","src/features/copy/ar.ts","AR","إعادة بناء المتابعة داخل التنفيذ","5","متابعة داخل التنفيذ","3","40","Rewritten; Condensed","5","3","0%"
"Shared UI","copyAr.journey.proofStories[1].body","src/features/copy/ar.ts","AR","أعمل على تعريف الملكية ومعايير الجاهزية حتى يصبح القرار أقل اعتمادًا على الأشخاص وأكثر اعتمادًا على نظام العمل.","20","تعريف الملكية ومعايير الجاهزية لتسريع القرار وتقليل الاعتماد على الأفراد.","10","50","Rewritten; Condensed; Repeated theme","20","10","0%"
"Shared UI","copyAr.journey.proofStories[1].title","src/features/copy/ar.ts","AR","تثبيت الملكية بين الفرق","4","ملكية واضحة بين الفرق","4","0","Rewritten; Repeated theme","4","4","0%"
"Shared UI","copyAr.journey.proofStories[2].body","src/features/copy/ar.ts","Mixed AR/EN","أتعامل مع AI كقدرة هندسية تحتاج حوكمة وقابلية للفحص وحدود استخدام واضحة.","12","إدخال AI كقدرة هندسية ذات حوكمة وحدود استخدام واضحة.","9","25","Rewritten; Condensed; Repeated theme","12","9","11.1%"
"Shared UI","copyAr.journey.proofStories[2].title","src/features/copy/ar.ts","Mixed AR/EN","قيادة تقنية بوعي حديث بالذكاء الاصطناعي","6","AI محكوم وقابل للفحص","4","33.3","Rewritten; Condensed","6","4","25%"
"Shared UI","copyAr.journey.proofTitle","src/features/copy/ar.ts","AR","أمثلة عامة على الأثر","4","أثر عملي","2","50","Rewritten; Condensed","4","2","0%"
"Shared UI","copyAr.journey.subtitle","src/features/copy/ar.ts","Mixed AR/EN","هذه ليست سيرة ذاتية طويلة. إنها قصة انتقال من خلفية أكاديمية وتقنية في الذكاء الاصطناعي وهندسة البرمجيات إلى قيادة فرق وأنظمة عمل قادرة على التسليم بوضوح واحتراف.","27","رحلة من AI وهندسة البرمجيات إلى قيادة فرق وأنظمة عمل تسلّم بوضوح وموثوقية.","14","48.1","Rewritten; Condensed; Repeated theme","22","14","7.1%"
"Shared UI","copyAr.journey.themesTitle","src/features/copy/ar.ts","AR","المحاور التي تلخص عملي","4","محاور عملي","2","50","Rewritten; Condensed","4","2","0%"
"Shared UI","copyAr.journey.timelineTitle","src/features/copy/ar.ts","AR","المسار المهني","2","المسار المهني","2","0","No change needed","2","2","0%"
"Shared UI","copyAr.journey.titleHighlight","src/features/copy/ar.ts","EN","Product & Technology","2","Product & Technology","2","0","No change needed","2","2","0%"
"Shared UI","copyAr.journey.titlePrefix","src/features/copy/ar.ts","Mixed AR/EN","من AI/NLP إلى قيادة","4","من AI وNLP إلى قيادة","5","-25","Rewritten; High mixed-language density","4","5","40%"
"Shared UI","copyAr.notFound.backHomeCta","src/features/copy/ar.ts","AR","العودة إلى الرئيسية","3","العودة إلى الرئيسية","3","0","No change needed","3","3","0%"
"Shared UI","copyAr.notFound.subtitle","src/features/copy/ar.ts","AR","الصفحة غير موجودة","3","الصفحة غير موجودة","3","0","No change needed","3","3","0%"
"Shared UI","copyAr.notFound.title","src/features/copy/ar.ts","Neutral","404","1","404","1","0","No change needed","1","1","0%"
